<?xml version="1.0" encoding="UTF-8"?>
<!-- Produced by Beyond Compare 5 from Scooter Software -->
<BCSessions Version="2" MinVersion="2">
	<TTextCompareSession Value="dbo.AppLog.Table.sql">
		<LastModified Value="2025-09-10 23:49:24"/>
		<Rules>
			<CaseSig Value="True"/>
			<ElementSigs>
				<Item>
					<ElementStr Value="&#2;Comment"/>
					<ValueBool Value="True"/>
				</Item>
			</ElementSigs>
			<EmbeddedWSSig Value="True"/>
			<Insigs>
				<_0>
					<FindText Value="^USE .*"/>
					<IsRegExp Value="True"/>
				</_0>
			</Insigs>
			<LeadWSSig Value="True"/>
			<OrphansAlwaysSig Value="True"/>
			<TrailWSSig Value="True"/>
		</Rules>
		<Specs>
			<Left Value="E:\Backups\iDrive\Dorsu\Db\Dorsu_prod\dbo.AppLog.Table.sql"/>
			<Right Value="E:\Backups\iDrive\Dorsu\Db\Dorsu_dev\dbo.AppLog.Table.sql"/>
		</Specs>
	</TTextCompareSession>
	<TSessionFolder>
		<Items>
			<TSessionFolder>
				<Items>
					<TTextCompareSession Value="Program.cs">
						<LastModified Value="2025-09-11 15:52:18"/>
						<Specs>
							<Left Value="D:\Dev\CRM\code\CRM\CRMWebApp\Program.cs"/>
						</Specs>
					</TTextCompareSession>
				</Items>
			</TSessionFolder>
			<TTextCompareSession>
				<State>
					<InsigIgnored Value="True"/>
					<ShowContext Value="True"/>
				</State>
			</TTextCompareSession>
		</Items>
	</TSessionFolder>
</BCSessions>
