<?xml version="1.0" encoding="UTF-8"?>
<!-- Produced by Beyond Compare 5 from Scooter Software -->
<BCState Version="2" MinVersion="2">
	<TBcState>
		<FirstStartup Value="False"/>
		<FormPositions>
			<TImportDialog Value="1610;794;2230;1366;;144"/>
			<TTextCompareSessionDialog Value="939;837;2120;2030;;144"/>
			<TTextFormatDialog Value="1252;546;2410;1779;;144"/>
			<TView Value="206;518;2592;1942;;144"/>
		</FormPositions>
	</TBcState>
	<TCheckForUpdatesState>
		<Build Value="31310"/>
		<LastChecked Value="2025-09-10 23:49:25"/>
	</TCheckForUpdatesState>
	<TExportState>
		<MRUDir Value="D:\Dev\CRM\code\CRM\Archive"/>
	</TExportState>
	<THomeState>
		<SessionName Value="dbo.AppLog.Table.sql"/>
		<SessionType Value="TTextCompareSession"/>
	</THomeState>
	<TTextCompareState>
		<LeftMRUSpecs>
			<_0 Value="D:\Dev\CRM\code\CRM\CRMBlazorApp\Services\AgentService.cs"/>
			<_1 Value="D:\Dev\CRM\code\CRM\CRMBlazorApp\Pages\Agents.razor"/>
			<_2 Value="D:\Dev\CRM\code\CRM\CRMWebApp\Program.cs"/>
			<_3 Value="E:\Backups\iDrive\Dorsu\Db\Dorsu_prod\dbo.AppLog.Table.sql"/>
			<_4 Value="D:\Dev\CRM\code\CRM\CRMBlazorApp\Program.cs"/>
			<_5 Value="D:\Dev\CRM\code\CRM\CRMBlazorApp\Layout\MainLayout.razor"/>
		</LeftMRUSpecs>
		<MRUFonts>
			<_0 Value="Consolas;10;;;F"/>
		</MRUFonts>
		<RightMRUSpecs>
			<_0 Value="D:\Dev\CRM\code\CRM\Archive\AgentServiceFromAI.cs"/>
			<_1 Value="E:\Backups\iDrive\Dorsu\Db\Dorsu_dev\dbo.AppLog.Table.sql"/>
		</RightMRUSpecs>
		<ShowItemNum Value="True"/>
	</TTextCompareState>
</BCState>
