<?xml version="1.0" encoding="UTF-8"?>
<!-- Produced by Beyond Compare 5 from Scooter Software -->
<BCSysInfo>
	<BcVersion Value="5.1.5 (64-bit pro build 31310)"/>
	<OS>
		<Platform Value="Windows 10  x64"/>
		<Version Value="10.0.19045"/>
	</OS>
	<Processor Value="Intel(R) Core(TM) i9-9900K CPU @ 3.60GHz (16)"/>
	<Memory>
		<Physical>
			<Total Value="32708MB"/>
			<Avail Value="14693MB"/>
		</Physical>
		<PageFile>
			<Total Value="33220MB"/>
			<Avail Value="6301MB"/>
		</PageFile>
		<Virtual>
			<Total Value="134217728MB"/>
			<Avail Value="134180158MB"/>
		</Virtual>
	</Memory>
	<Dirs>
		<System Value="C:\Windows\system32"/>
		<Windows Value="C:\Windows"/>
		<Temp Value="C:\Users\terry\AppData\Local\Temp\"/>
		<AppData Value="C:\Users\terry\AppData\Roaming"/>
		<BcExe Value="C:\Program Files\Beyond Compare 5\"/>
		<BcSettings Value="C:\Users\terry\AppData\Roaming\Scooter Software\Beyond Compare 5"/>
	</Dirs>
</BCSysInfo>
